{"cameraMode":{"drawMode":0,"name":"Shaded","section":"Shading Mode"},"sceneLighting":true,"audioPlay":false,"sceneViewState":{"m_AlwaysRefresh":false,"showFog":true,"showSkybox":true,"showFlares":true,"showImageEffects":true,"showParticleSystems":true,"showVisualEffectGraphs":true,"m_FxEnabled":true},"in2DMode":false,"pivot":{"x":1.1346077919006348,"y":0.528862714767456,"z":-7.657163619995117},"rotation":{"x":-0.013576313853263855,"y":-0.9850286841392517,"z":-0.14554408192634583,"w":0.0921725332736969},"size":0.2789430022239685,"orthographic":false}