{"cameraMode":{"drawMode":0,"name":"Shaded","section":"Shading Mode"},"sceneLighting":true,"audioPlay":false,"sceneViewState":{"m_AlwaysRefresh":false,"showFog":true,"showSkybox":true,"showFlares":true,"showImageEffects":true,"showParticleSystems":true,"showVisualEffectGraphs":true,"m_FxEnabled":true},"in2DMode":false,"pivot":{"x":-5.760345458984375,"y":1.5532362461090088,"z":5.171792984008789},"rotation":{"x":0.06760486960411072,"y":-0.2948050796985626,"z":0.020879371091723443,"w":0.9530149698257446},"size":2.8379693031311037,"orthographic":false}